{
 "var": [
  0,
  1,
  2,
  3,
  4
 ],
 "card": [
  2,
  2,
  3,
  2,
  2
 ],
 "val": [
  0.011111111111111112,
  0.021777777777777778,
  0.00011111111111111112,
  0.001,
  0.06811111111111111,
  0.008666666666666666,
  0.0035555555555555557,
  0.0034444444444444444,
  0.11433333333333333,
  0.005666666666666667,
  0.023555555555555555,
  0.0047777777777777775,
  0.10422222222222222,
  0.214,
  0.0017777777777777779,
  0.010222222222222223,
  0.10266666666666667,
  0.011555555555555555,
  0.005,
  0.004666666666666667,
  0.0016666666666666668,
  0.0,
  0.0003333333333333333,
  0.0,
  0.00011111111111111112,
  0.0012222222222222222,
  0.0005555555555555556,
  0.004222222222222222,
  0.0026666666666666666,
  0.00044444444444444447,
  0.014888888888888889,
  0.011444444444444445,
  0.006888888888888889,
  0.00044444444444444447,
  0.10077777777777777,
  0.020555555555555556,
  0.006,
  0.011222222222222222,
  0.0077777777777777776,
  0.04111111111111111,
  0.0071111111111111115,
  0.0003333333333333333,
  0.020888888888888887,
  0.018111111111111113,
  0.0,
  0.0,
  0.0007777777777777777,
  0.00022222222222222223
 ]
}