{
 "var": [
  0,
  1,
  3,
  4
 ],
 "card": [
  2,
  2,
  2,
  2
 ],
 "val": [
  0.23033333333333333,
  0.02988888888888889,
  0.012555555555555556,
  0.008555555555555556,
  0.34255555555555556,
  0.04855555555555555,
  0.021777777777777778,
  0.01711111111111111,
  0.013444444444444445,
  0.002111111111111111,
  0.05655555555555555,
  0.043666666666666666,
  0.016666666666666666,
  0.0023333333333333335,
  0.08766666666666667,
  0.06622222222222222
 ]
}