{
 "var": [
  0,
  1,
  3,
  4,
  6,
  7,
  8,
  9
 ],
 "card": [
  2,
  2,
  2,
  2,
  2,
  2,
  2,
  2
 ],
 "val": [
  4.165926628945887e-05,
  0.0015552792748064644,
  0.00016200825779234007,
  0.002592132124677441,
  1.4400734025985782e-05,
  0.0005376274036368024,
  3.6001835064964466e-05,
  0.0005760293610394315,
  2.3805295022547926e-05,
  0.0008887310141751227,
  9.25761473099086e-05,
  0.0014812183569585377,
  8.228990871991876e-06,
  0.00030721565922103,
  2.0572477179979692e-05,
  0.0003291596348796751,
  0.00033327413031567095,
  0.012442234198451715,
  0.0012960660623387206,
  0.02073705699741953,
  3.29159634879675e-05,
  0.0012288626368841201,
  8.228990871991877e-05,
  0.0013166385395187003,
  0.0001904423601803834,
  0.0071098481134009815,
  0.0007406091784792688,
  0.011849746855668301,
  1.8809121993124294e-05,
  0.0007022072210766401,
  4.7022804982810734e-05,
  0.0007523648797249717,
  2.777284419297257e-05,
  0.0010368528498709761,
  0.00010800550519489337,
  0.001728088083118294,
  9.600489350657189e-06,
  0.00035841826909120163,
  2.4001223376642974e-05,
  0.0003840195740262876,
  0.00012497779886837658,
  0.004665837824419392,
  0.0004860247733770201,
  0.007776396374032321,
  4.320220207795735e-05,
  0.0016128822109104074,
  0.00010800550519489337,
  0.001728088083118294,
  0.00022218275354378056,
  0.008294822798967809,
  0.000864044041559147,
  0.013824704664946352,
  2.1943975658645004e-05,
  0.0008192417579227467,
  5.485993914661252e-05,
  0.0008777590263458003,
  0.0009998223909470126,
  0.037326702595355137,
  0.0038881981870161606,
  0.06221117099225857,
  9.874789046390253e-05,
  0.0036865879106523602,
  0.0002468697261597563,
  0.0039499156185561005,
  5.265268378251051e-05,
  0.001965700194547059,
  0.00020476043693198537,
  0.003276166990911766,
  1.8200927727287585e-05,
  0.0006795013018187363,
  4.5502319318218974e-05,
  0.0007280371090915036,
  0.0008123556926444477,
  0.030327945858726058,
  0.0031591610269506307,
  0.05054657643121009,
  0.00028081431350672275,
  0.010483734370917647,
  0.000702035783766807,
  0.011232572540268913,
  1.0414816572364716e-05,
  0.000388819818701616,
  4.050206444808501e-05,
  0.0006480330311693602,
  1.0286238589989844e-06,
  3.8401957402628755e-05,
  2.5715596474974615e-06,
  4.1144954359959384e-05,
  0.00016068574140219846,
  0.005998934345682077,
  0.0006248889943418829,
  0.009998223909470126,
  1.587019668169862e-05,
  0.0005924873427834151,
  3.967549170424655e-05,
  0.0006348078672679448,
  0.00018112523221183613,
  0.006762008669241882,
  0.0007043759030460296,
  0.011270014448736473,
  6.26111913818693e-05,
  0.002337484478256453,
  0.00015652797845467324,
  0.002504447655274772,
  0.0004630427448073352,
  0.017286929139473845,
  0.0018007217853618592,
  0.028811548565789748,
  0.00016006415869883198,
  0.0059757285914230586,
  0.0004001603967470799,
  0.006402566347953278,
  3.5826969008934615e-05,
  0.001337540176333559,
  0.00013932710170141242,
  0.0022292336272225987,
  3.5384660749565065e-06,
  0.00013210273346504292,
  8.846165187391268e-06,
  0.0001415386429982603,
  9.15908725992531e-05,
  0.003419392577038783,
  0.00035618672677487323,
  0.005698987628397972,
  9.046012108568211e-06,
  0.0003377177853865465,
  2.2615030271420532e-05,
  0.0003618404843427285,
  6.665482606313417e-05,
  0.002488446839690343,
  0.00025921321246774414,
  0.004147411399483906,
  2.3041174441577253e-05,
  0.0008602038458188839,
  5.760293610394314e-05,
  0.0009216469776630903,
  3.8088472036076675e-05,
  0.0014219696226801962,
  0.00014812183569585377,
  0.0023699493711336604,
  1.3166385395187001e-05,
  0.0004915450547536479,
  3.291596348796751e-05,
  0.0005266554158074801,
  0.00028328301076832027,
  0.010575899068683958,
  0.0011016561529879126,
  0.0176264984478066,
  2.7978568964772383e-05,
  0.0010445332413515022,
  6.994642241193095e-05,
  0.0011191427585908952,
  0.00016187600615332588,
  0.006043370896390834,
  0.0006295178017073786,
  0.010072284827318057,
  1.598775369415565e-05,
  0.0005968761379151441,
  3.996938423538912e-05,
  0.0006395101477662259,
  4.443655070875612e-05,
  0.0016589645597935617,
  0.00017280880831182938,
  0.00276494093298927,
  1.53607829610515e-05,
  0.0005734692305459226,
  3.8401957402628755e-05,
  0.0006144313184420601,
  0.0001999644781894025,
  0.0074653405190710275,
  0.0007776396374032321,
  0.012442234198451713,
  6.912352332473176e-05,
  0.0025806115374566512,
  0.00017280880831182938,
  0.00276494093298927,
  0.0001888553405122135,
  0.007050599379122637,
  0.0007344374353252749,
  0.011750998965204398,
  1.8652379309848254e-05,
  0.0006963554942343347,
  4.663094827462064e-05,
  0.0007460951723939302,
  0.0008498490323049608,
  0.03172769720605187,
  0.003304968458963736,
  0.05287949534341978,
  8.393570689431715e-05,
  0.003133599724054506,
  0.00020983926723579284,
  0.0033574282757726855,
  1.6779426699920927e-05,
  0.0006264319301303812,
  6.525332605524807e-05,
  0.0010440532168839692,
  5.800295649355384e-06,
  0.00021654437090926762,
  1.4500739123388462e-05,
  0.0002320118259742154,
  0.0002588825833702086,
  0.009664949779154457,
  0.0010067656019952557,
  0.01610824963192409,
  8.949027573291164e-05,
  0.0033409702940287002,
  0.00022372568933227917,
  0.0035796110293164667,
  8.216133073754387e-05,
  0.0030673563475349707,
  0.0003195162862015595,
  0.005112260579224952,
  8.114699332103098e-06,
  0.0003029487750651824,
  2.028674833025775e-05,
  0.000324587973284124,
  0.0012676319599506766,
  0.047324926504825275,
  0.0049296798442526315,
  0.0788748775080421,
  0.00012519821826673357,
  0.004674066815291386,
  0.00031299554566683387,
  0.005007928730669342,
  5.772122784772799e-05,
  0.0021549258396485116,
  0.00022447144163005337,
  0.003591543066080854,
  1.995301703378252e-05,
  0.0007449126359278806,
  4.988254258445631e-05,
  0.0007981206813513009,
  0.0001475630725210189,
  0.005509021374118039,
  0.0005738563931372957,
  0.009181702290196731,
  5.1009457167759635e-05,
  0.0019043530675963594,
  0.00012752364291939908,
  0.0020403782867103853,
  0.0002826349777371508,
  0.010551705835520299,
  0.0010991360245333646,
  0.017586176392533834,
  2.7914565702434658e-05,
  0.0010421437862242274,
  6.978641425608667e-05,
  0.0011165826280973867,
  0.0007225502171718856,
  0.026975208107750396,
  0.0028099175112239996,
  0.044958680179583994,
  7.136298441203812e-05,
  0.0026642180847160895,
  0.00017840746103009529,
  0.0028545193764815246
 ]
}